Relevance,Explanation
RELEVANT,"The generated answer accurately summarizes the key points from the original answer regarding when to use DictVectorizer and FeatureHasher, addressing the preservation of feature names and the cardinality of categorical features. It maintains the context of the original content effectively."
RELEVANT,"The generated answer directly addresses the question about which file to edit to fix Docker's name resolution problem, accurately providing the same content as the original answer. It includes specific instructions for editing the file `/etc/docker/daemon.json`, details about the DNS configuration to add, and the command to restart Docker, which aligns perfectly with the original answer."
RELEVANT,"The generated answer provides a clear and accurate summary of the steps needed to resolve Docker daemon connection issues in WSL, directly reflecting the original answer. It includes the essential instructions from the original, such as accessing Docker Desktop settings, navigating to WSL Integration, and enabling additional distros. The additional troubleshooting tips provided in the generated answer, while not mentioned in the original, do not detract from its relevance, as they offer useful extensions to the solution."
RELEVANT,"The generated answer directly addresses the question about built-in Python functionality for downloading files from a URL and provides relevant information about the `urllib.request` module and the `urlretrieve()` function. It includes an example that aligns with the original answer, effectively conveying the same information."
RELEVANT,"The generated answer directly addresses the question of how to reshape a 1D array for use in scikit-learn, providing accurate information about converting it into a 2-D array and mentioning the use of the `reshape` method. This aligns well with the original answer's content."
RELEVANT,The generated answer accurately summarizes the key information from the original answer by stating that there is a tutorial for creating a CNN in PyTorch and providing the specific link to it. The response directly addresses the question and maintains the relevant context.
RELEVANT,"The generated answer accurately captures the key point from the original answer about the advantages of using scikit-learn, specifically highlighting its ease of use and time-saving benefits compared to manual calculations with numpy and pandas. It also mentions the precision of off-the-shelf calculations, which is consistent with the original message."
PARTLY_RELEVANT,"The generated answer addresses a specific question about Jupyter notebooks, which is a component mentioned in the original answer. However, it does not summarize or directly reference the broader context of the original answer that emphasizes the importance of understanding the article and other Python basics beyond just Jupyter notebooks. Therefore, it is somewhat relevant but lacks completeness."
RELEVANT,"The generated answer directly addresses the question about what needs to match between two matrices for multiplication, stating that the number of columns in the first matrix must match the number of rows in the second matrix. This aligns perfectly with the information in the original answer, providing a precise and accurate response to the query."
RELEVANT,"The generated answer directly addresses the problem stated in the original answer by explaining that the user should specify the cluster name using the `-n` option. It follows up with the exact command needed to resolve the issue, which aligns perfectly with the original solution provided."
RELEVANT,"The generated answer directly addresses the differences between FeatureHasher and DictVectorizer as requested in the generated question. It covers key points such as memory usage, handling of high cardinality features, the preservation of feature names, and the dependency on specific data, which aligns closely with the details provided in the original answer. Additionally, it includes the same reference link for further reading, maintaining relevance and completeness."
PARTLY_RELEVANT,"The generated answer partially addresses the question by mentioning the problem title and solution description, which are elements of the original answer. However, it does not fully capture the essence of the original answer or provide a comprehensive overview of all the details included in the problem description."
RELEVANT,"The generated answer accurately addresses the question about working with GitHub repositories in VS Code, providing specific details about built-in Git support, staging, and committing changes. It aligns closely with the original answer, which also discusses Git support in VS Code and provides a link for more information."
RELEVANT,"The generated answer directly addresses the question regarding the number of learning in public posts required for the midterm project, stating that a total of 14 posts need to be made, which is consistent with the original answer. Both answers align in terms of the quantity (14 posts) and the context (midterm project)."
RELEVANT,"The generated answer directly addresses the question of accessing the Kubernetes Dashboard by outlining the need to deploy it first and mentioning the general process involved, which aligns well with the original answer's focus. It covers the essential steps and considerations necessary to access the Kubernetes Dashboard, thus maintaining strong relevance."
RELEVANT,"The generated answer directly addresses the FutureWarning issue by suggesting the correct alternative to the deprecated function, aligning well with the information provided in the original answer. It specifically mentions the deprecation and offers a precise solution, maintaining the context of both the warning and the use of Matplotlib."
PARTLY_RELEVANT,"The generated answer addresses part of the process of writing dependencies using a virtual environment and the `pip freeze` command, which is related to the original answer. However, it also introduces new concepts (Pipfile and Pipfile.lock) not mentioned in the original answer, which relates specifically to writing requirements to a text file, rather than the specific Pipfile format. The context of the failure mentioned in the generated question is not addressed, making the relevance somewhat limited."
RELEVANT,"The generated answer effectively addresses the question regarding how the coloring looks when using random values with the 'background_gradient' method. It accurately describes the effect of the method and includes relevant code snippets to illustrate this, mirroring the details from the original answer and confirming the use of the 'viridis' colormap. Therefore, it is highly relevant to the original answer."
RELEVANT,"The generated answer directly addresses the question of how to install Kind on Windows similarly to kubectl. It mirrors the steps described in the original answer, including using the curl command, renaming the executable, and adding the folder to the PATH environment variable, thus providing a clear and relevant response."
RELEVANT,The generated answer directly responds to the generated question by accurately providing the URL required to load the housing dataset. It is consistent with the information presented in the original answer.
RELEVANT,"The generated answer directly addresses the question about importing a dataset from a GitHub link. It provides both an alternative method using the `requests` library and the method mentioned in the original answer using pandas. The inclusion of the `pd.read_csv` method aligns perfectly with the original answer, making it highly relevant."
RELEVANT,"The generated answer accurately addresses the impact of changing `random_state` in KFold, aligning well with the original answers that discussed how `random_state` affects dataset splitting and model results. It also correctly mentions that the instantiation location of KFold does not affect the outcome, which is consistent with the original answers given by the participants."
RELEVANT,"The generated answer maintains the core ideas of the original answer, specifically addressing the importance of regularization concerning model complexity and small datasets. It also acknowledges the variability of its necessity based on data quality and size, paralleling the original's recommendations to evaluate each case individually."
RELEVANT,"The generated answer accurately conveys the method to change the update interval for 'nvidia-smi' as outlined in the original answer. It correctly mentions the built-in function and provides the command format along with an example, making it directly relevant to the question asked."
RELEVANT,"The generated answer closely matches the content of the original answer by accurately describing the cause of the error and providing the exact solution, which includes restarting the kernel and only importing tflite_runtime.interpreter. It addresses all key points present in the original answer."
RELEVANT,"The generated answer directly addresses the question about using the `isin()` method to filter a dataset. It correctly provides the syntax for the method and explains what the code does, aligning closely with the original answer's content. Therefore, it is highly relevant."
RELEVANT,"The generated answer directly addresses the request for a video that explains the normal equation in regression by specifically mentioning the same video that was found suitable in the original answer. It maintains the context and subject matter, making it highly relevant."
RELEVANT,"The generated answer directly addresses the 'Permission denied (publickey)' error when setting up git in Saturn Cloud, providing the same solution as the original answer. It mentions generating an SSH key, adding it to the GitHub account, and accessing git through Saturn's Jupyter server, along with referencing the same tutorial for detailed instructions."
RELEVANT,"The generated answer directly addresses the question by providing a code example that captures the output of each loop iteration separately and stores it in a dictionary. It closely mirrors the original answer's intent and content, including the use of the 'capture_output' method and the structure of the resulting dictionary, thus maintaining high relevance."
NON_RELEVANT,"The generated answer does not address the question about equivalents for linear regression models in Scikit-Learn; instead, it focuses solely on the contributor of the information, which is not relevant to the original question."
RELEVANT,"The generated answer directly addresses the question regarding how applying fillna(0) on all datasets resolved the NaN issue. It accurately summarizes the problem described in the original answer, explaining the impact of NaN values on the RMSE calculations and how applying fillna(0) to all datasets eliminated the NaNs, thereby resolving the issue. The response is coherent and maintains the context of the original answer."
RELEVANT,"The generated answer directly addresses the issue of import errors in a Jupyter notebook after installing a package, and it includes the specific solution of restarting the notebook, which aligns well with the example provided in the original answer. It captures the essence of the original experience while offering a generalized solution."
NON_RELEVANT,"The generated answer focuses on how to compute a hash using Python code, which is unrelated to the original answer 'See the answer here.' There is no contextual connection or relevance to what the original answer refers to, making the generated answer non-relevant."
RELEVANT,"The generated answer directly addresses the convergence problems related to the Ridge regression model by suggesting techniques that include feature normalization, categorical feature encoding, and separating features, which are consistent with the original answer's advice on scaling features. Additionally, it emphasizes using StandardScaler and OneHotEncoder, matching the original answer's recommendations closely."
PARTLY_RELEVANT,"The generated answer contains some relevant information about saving and loading an Xgboost model but does not directly address the question regarding where to find information for loading. While it points to the original answer's note about saving the model, it does not explicitly clarify that the focus is on loading, making it only partly relevant."
RELEVANT,"The generated answer accurately provides the links to the leaderboards for 2023 and 2022 as requested in the generated question. It maintains the original content's intent and structure, clearly presenting the information in a way that directly responds to the query."
RELEVANT,"The generated answer directly addresses the question about important operations regarding data analysis and accurately reflects the key concepts outlined in the original answer. It includes the same foundational skills needed for data analysis, such as running a Jupyter notebook, importing libraries, and understanding variables, making it highly relevant."
RELEVANT,"The generated answer directly addresses the user's question about obtaining RMSE through a parameter change in the mean_squared_error function. It accurately describes how to do this by setting the 'squared' parameter to False, which aligns perfectly with the information provided in the original answer."
RELEVANT,"The generated answer directly addresses the original question regarding the inconsistency in AUC values by suggesting the setting of a random seed, which aligns with the solution provided in the original answer."
RELEVANT,The generated answer accurately reflects the core content of the original answer by stating that the functions in PyTorch are similar to those in Keras and notes the slight differences in syntax. It captures the essence of the original answer while also aligning with the generated question.
RELEVANT,"The generated answer directly addresses the question about why df_train_full is avoided for correlation matrix analysis, aligning closely with the reasoning given in the original answer. Both emphasize the importance of using only the training data to avoid biased results from including validation data."
PARTLY_RELEVANT,"The generated answer addresses the issue of differing reported accuracy on different systems, which is relevant to the user's concern. However, it does not provide the specific solution mentioned in the original answer, which suggests using Google Colab with T4 runtime. Instead, it offers a vague suggestion of selecting the closest option, which does not directly relate to the original solution."
RELEVANT,"The generated answer directly addresses the original error regarding 'Host key verification failed' by recommending switching from SSH to HTTPS, which is the same solution provided in the original answer. It accurately explains the error and gives the correct command, maintaining both content and context consistency."
RELEVANT,"The generated answer directly addresses the question about connecting WSL to VS Code, providing clear and actionable steps consistent with the original answer's context. It offers specific instructions on setting up WSL and installing the necessary VS Code extension, making it relevant and useful for the user."
RELEVANT,"The generated answer directly addresses the issue related to the LANG environment variable, as mentioned in the original answer. It conveys the same main points, stating that the error is not fatal and provides a reference to the Stack Overflow link for a quick-fix. The content is consistent with the original answer, making it relevant."
RELEVANT,"The generated answer directly addresses the question about the easiest way to install wget on a Windows system. It provides the primary method (using Chocolatey) and also mentions an alternative method (downloading a binary), which aligns perfectly with the information provided in the original answer."
RELEVANT,"The generated answer directly addresses the issue of the 'docker build' copy error by identifying the use of single quotes as the cause, which aligns perfectly with the provided original answer. It also offers a solution to use double quotes, maintaining the context and purpose of the original response."
RELEVANT,The generated answer accurately reflects the key information from the original answer regarding the base AWS Lambda image that should be used for building the Docker image for local testing. It directly answers the generated question without omitting any critical details.
PARTLY_RELEVANT,"The generated answer provides a similar code snippet using 'accuracy_score' with a threshold, but it uses 'y_val' instead of 'y_train', which was used in the original answer. This indicates a partial alignment with the original context but does not fully match the correction context."
RELEVANT,"The generated answer correctly addresses the question about installing additional Python packages in the Saturn Cloud TensorFlow image and closely aligns with the original answer. It reiterates the same method mentioned in the original answer for installing packages, confirming the process is applicable for other packages as well."
RELEVANT,"The generated answer accurately addresses the TypeError described in the original answer by identifying the issue related to the version of the protobuf package. It provides relevant workarounds and confirms the specific solution mentioned in the original answer, effectively summarizing the problem and solution context."
RELEVANT,"The generated answer closely matches the original answer in addressing the specific error related to the Docker daemon connection issue. It includes the recommended solutions for both WSL and Linux, maintaining the essential details from the original answer while also adding an extra step for Docker Desktop issues on WSL. This additional information is relevant and enhances the answer without deviating from the original context."
RELEVANT,"The generated answer directly addresses the problem of a ConnectionError during deployment by providing the same solution as the original answer: setting the host to '0.0.0.0' in the Flask app and Dockerfile, followed by running the URL using localhost. The steps are clearly relevant to the issue presented in the generated question."
RELEVANT,"The generated answer provides a comprehensive and accurate summary of the original answer, effectively capturing both the solution steps and the important context about checking the kubectl version. It closely aligns with the original problem description and solution without omitting any critical details."
RELEVANT,"The generated answer directly addresses the query about the necessity of submitting the train.py file along with the notebook.ipynb, mirroring the original answer's rationale about peer review and cross-checking on different systems. It also expands on the topic by mentioning the practical difference in running scripts versus notebooks, further enhancing its relevance."
RELEVANT,"The generated answer directly addresses the question about the changes needed on Linux to run kind with Rootless Docker, mirroring the information from the original answer. It mentions that changes are necessary and references the same documentation for detailed instructions, which supports the relevance of the information provided."
RELEVANT,"The generated answer directly addresses the question regarding why the 'waitress-serve' command is not found in GitBash after running 'pip install waitress'. It accurately identifies the issue related to the missing 'waitress-serve.exe' file, suggests running the installation in a Jupyter notebook to rectify the problem, and provides information on how to add the file path to GitBash's PATH, which aligns closely with the original answer content."
RELEVANT,"The generated answer directly addresses the question of how to analyze feature importance after one-hot encoding with DictVectorizer. It correctly mentions the use of the `get_feature_names_out()` function, explains the output format, and includes the important note about fitting the predictor and response arrays first, which aligns well with the original answer's details."
RELEVANT,"The generated answer directly addresses the question about who added the answer regarding identifying the shape of a dataset in Pandas, clearly stating that it was added by Radikal Lukafiardi. It maintains the context of the original answer while providing the needed attribution."
RELEVANT,"The generated answer provides a direct link to the detailed explanation requested in the generated question, which aligns well with the content and context of the original answer. It directly addresses the user's need for information about `keras flow_from_directory` and cites the same resource as the original answer."
RELEVANT,"The generated answer accurately summarizes and follows the instructions provided in the original answer regarding changing the runtime type in Google Colab. It includes all key steps and details, ensuring completeness and clarity."
PARTLY_RELEVANT,"The generated answer addresses specifying Python versions with 'pipenv' in a Windows environment, aligning with the topic of managing Python versions. However, it does not directly address the issue of the original error related to missing Python installations and the need to add Python to the PATH, which is a crucial part of the original solution."
RELEVANT,"The generated answer effectively provides the solution attributed to Manuel Alejandro Aponte for the 'NameError: name 'np' is not defined', accurately summarizing the content of the original answer by mentioning the need to import pandas and numpy libraries. It also includes the exact code that should be used, which directly aligns with the original answer."
RELEVANT,"The generated answer directly addresses the issue of the UnidentifiedImageError, providing the same solution as the original answer. It explains how to modify the URL to resolve the error, thus maintaining the context and content of the original response."
RELEVANT,"The generated answer directly addresses the question about low accuracy after resuming training with augmentation. It correctly identifies the issue of skyrocketing loss and relates it to random chance, echoing the original problem. Additionally, it provides the same solution regarding the ImageDataGenerator's 'rescale' option, maintaining alignment with the original answer."
RELEVANT,"The generated answer accurately addresses the issue raised in the original answer regarding varying AUC values when using the DecisionTreeClassifier. It explains the reason for this variability (default randomness) and provides the appropriate solution of setting a random seed, which is directly aligned with the original answer's intent."
RELEVANT,"The generated answer directly addresses the question regarding the option that must be included in the augmented ImageDataGenerator to prevent model issues, specifically identifying 'rescale' as the necessary option. This aligns perfectly with the solution provided in the original answer."
RELEVANT,"The generated answer closely aligns with the original answer, both agreeing that small changes are expected and acceptable. The context of neural network prediction values is a specific application of the broader statement made in the original answer, maintaining the overall meaning and intention."
PARTLY_RELEVANT,"The generated answer provides a link to the Scikit-Learn linear model documentation, which is helpful for understanding linear models. However, it does not directly address the request for the equivalents for linear regression with and without regularization as specified in the original answer."
RELEVANT,"The generated answer directly addresses the original question by providing a method to visualize predictions per class using a bar chart, along with relevant code. It includes accurate steps and a code snippet that matches the original answer's content and intent."
RELEVANT,"The generated answer directly addresses the invalid credentials error when using Google Container Registry by providing the exact command needed, along with a note on installing the Google Cloud SDK. It aligns closely with the original answer's content and intent."
RELEVANT,"The generated answer directly addresses the question about the mathematical formula for linear regression and accurately reflects the content of the original answer. It states the formula \( Xw = y \) and explains the relationship between the matrix \( X \), weights \( w \), and target \( y \), which aligns closely with the original text."
RELEVANT,"The generated answer directly responds to the question about whether the course videos will be re-recorded and provides additional context regarding the focus and up-to-date status of the existing videos, which aligns closely with the original answer."
PARTLY_RELEVANT,"The generated answer addresses the specific question regarding the necessary libraries to calculate RMSE, which is a subset of the information provided in the original answer. However, it does not fully encompass the broader context of RMSE as a metric or how it is calculated, which is central to the original answer's content."
RELEVANT,"The generated answer directly addresses the importance of feature stability for model explainability, which is emphasized in the original answer. It correctly references the addition of standard errors in feature importance and its implications for understanding model behavior, aligning well with the focus of the original response."
RELEVANT,"The generated answer provides a clear and accurate code snippet for computing RMSE using both sklearn and numpy, which directly addresses the question. It aligns well with the original answer's intent and methods, including the use of similar libraries and the calculation process."
RELEVANT,"The generated answer accurately addresses the question about how using `predict(X)` affects evaluation values by explaining the nature of the predictions (0 and 1) and the potential for incorrect evaluations. It also recommends using `predict_proba(X)[:, 1]`, which aligns closely with the original answer's content and intent."
RELEVANT,"The generated answer effectively addresses the question regarding how variable negation aligns with machine learning algorithm expectations. It mirrors key concepts from the original answer, such as the importance of the direction of correlation and the impact of negating variables on feature importance and model performance. Both answers highlight the specific context of dealing with negatively correlated features and emphasize the enhancement of accurate predictions in machine learning models."
RELEVANT,"The generated answer directly addresses the question about the labels used in the legend for precision and recall curves, which is consistent with the information provided in the original answer. The mention of 'Precision' and 'Recall' matches perfectly with the original context."
RELEVANT,"The generated answer directly addresses the question about whether training two models fulfills the midterm project requirement. It reinforces the original answer's message that training more than one model is necessary, thus maintaining coherence with the original context."
RELEVANT,"The generated answer accurately addresses the question about finding project deadlines by directing the user to the cohort folder and referencing the 2023 cohort deadlines, which aligns well with the information provided in the original answer."
RELEVANT,"The generated answer accurately reflects the original answer by correctly stating that numerical values from the dataframe are passed as 'y_score' when calculating AUC. It also mentions the corresponding use of the target variable as 'y_true', closely aligning with the details provided in the original answer."
RELEVANT,"The generated answer directly addresses the question about determining the stopping point for n_estimators based on RMSE by clearly explaining what is meant by RMSE stopping improvement. It closely aligns with the original answer, reinforcing the meaning of RMSE not decreasing significantly."
PARTLY_RELEVANT,"The generated answer acknowledges the lack of specific information regarding the location of materials for Week 8, which is relevant to the question posed. However, it does not provide a definitive answer or guidance regarding the materials, making it only partially relevant."
RELEVANT,"The generated answer directly addresses the question about where to find information on Xgboost and its installation. It provides the correct link to the installation guide, includes the installation command, and mentions the requirement for Pip 21.3+. Additionally, it offers guidance on updating pip, which aligns closely with the content of the original answer."
RELEVANT,"The generated answer directly addresses the question about submitting Week 2 homework by providing the specific link for submission, which is included in the original answer. It also references the homework page, enhancing the completeness of the response."
RELEVANT,"The generated answer closely mirrors the content and context of the original answer. It accurately describes the steps taken to resolve the issue with kubectl, including the specific error message encountered, the ineffective solutions found online, and the effective commands executed to resolve the problem. This maintains both the sequence of events and the intent of the original response while providing a concise summary of the solution."
RELEVANT,"The generated answer directly addresses the user's question about the pickle error occurring when using waitress with a Docker container. It accurately explains the cause of the issue, relating it to the custom class being saved in the __main__ module, and provides the same solution as the original answer, which is to move the class into a separate module. The alignment in terms of content and context is strong, making it highly relevant."
RELEVANT,"The generated answer directly addresses the question regarding the option to display only the size of a Docker image. It accurately quotes the relevant command from the original answer and includes both command variations, ensuring completeness and clarity, which aligns well with the original content."
NON_RELEVANT,"The generated answer discusses the level of theory in the course and suggests additional resources, but it does not directly address the requested links or resources for accessing theoretical content as provided in the original answer. The original answer includes specific URLs to GitHub and video resources, which are not mentioned in the generated answer."
PARTLY_RELEVANT,"The generated answer provides some information related to the peer-review requirements for earning the certificate, but it introduces some inaccuracies. It states that you need to finish 'at least 2 out of 3 projects,' which is misleading since the original answer indicates that only two projects are needed for the certificate with no requirement to complete a third. The core idea is preserved, but there is a misunderstanding of the project submission requirements."
RELEVANT,"The generated answer directly addresses the question about which command helps configure permissions for Google Container Registry, providing the exact command 'gcloud auth configure-docker' and mentioning the need to have the Google Cloud SDK installed, which is consistent with the information in the original answer."
PARTLY_RELEVANT,"The generated answer correctly identifies scikit-learn as the library for model evaluation metrics, which relates to the original answer. However, it does not address the broader context of the original answer, which discusses the advantages of using this library over manual calculations. Therefore, it is relevant but not fully aligned with the original's depth."
RELEVANT,"The generated answer accurately addresses the query about broadcasting in arrays, explaining both when it occurs and when it fails. It also incorporates the suggestion of using the * operator, which aligns with the original answer's content and intent."
RELEVANT,"The generated answer directly addresses the question regarding the use of `random_state = 42` for both splits in the homework, which is consistent with the original answer's content and intent."
RELEVANT,"The generated answer provides a complete and accurate response to the question about installing Xgboost in a Jupyter notebook. It includes the necessary command, mentions the pip version requirement, suggests updating pip, and references the official documentation, which aligns closely with the original answer."
RELEVANT,"The generated answer directly addresses the question about finding a quick-fix for the LANG environment variable issue by providing the relevant link. Additionally, it includes the important context from the original answer about the warning not being fatal and that it can be ignored, aligning well with the original content."
RELEVANT,"The generated answer effectively addresses the question of how to read a dataset with Pandas in Windows by explaining the issue with backslashes in file paths. It provides the correct solution for loading the file using a raw string, closely mirroring the original answer's content and context."
NON_RELEVANT,"The generated answer does not address the original question about how to visualize predictions per class after training a neural network. It instead focuses on who provided the solution, which is not relevant to the original solution or method described."
RELEVANT,"The generated answer accurately reflects the core concepts presented in the original answer regarding the normal distribution, particularly the equality of the areas under the curve, and the relationship of the mean, median, and mode. It captures the essence of symmetry in a normal distribution and the implications for data distribution, aligning well with the content of the original answer."
PARTLY_RELEVANT,"The generated answer accurately addresses the specific command used to extract feature importances, which is a part of the original answer. However, it does not encompass the broader context or additional steps provided in the original answer, such as data structuring and visualization. Therefore, it is only partially relevant."
RELEVANT,"The generated answer provides a clear and accurate response to the question about watching videos from previous cohorts of ML Zoomcamp, directly referencing the DTC YouTube channel and how to find the videos. It maintains the essential information from the original answer and adds some relevant context, making it closely aligned with the original answer's guidance."
RELEVANT,"The generated answer directly addresses the generated question by providing the exact command needed to set up the PASSWORD environment variable for AWS ECR login. It closely follows the instructions outlined in the original answer, including additional context about logging in to ECR and replacing placeholders with actual values. The information is consistent and aligned with the original content."
PARTLY_RELEVANT,"The generated answer addresses the use of scikit-learn for verification of metrics, which is relevant to the original question about thresholds and F1 score. However, it does not directly address the concern regarding the multiple thresholds with the same F1 score and how to choose among them, making the relevance only partial."
RELEVANT,"The generated answer accurately identifies the specific library 'sklearn' that should be included in the requirements to resolve the xgboost.core.XGBoostError, directly correlating with the information presented in the original answer."
PARTLY_RELEVANT,"The generated answer provides a way to find the Python version, which is a part of the context from the original answer. However, it does not address the issue related to building the Docker image or the specific Python version required, making it only partially relevant to the overall situation presented in the original answer."
NON_RELEVANT,"The generated answer does not address the original answer at all. It asks for clarification about 'question2', which is not related to the version information provided in the original answer (Version 0.24.2 and Python 3.8.11). Therefore, it does not provide any relevant information or context related to the original answer."
RELEVANT,"The generated answer directly addresses the error message related to Docker on WSL, provides a solution for both reinstalling Docker Desktop and starting the Docker daemon, and suggests additional steps regarding the WSL integration settings. This aligns closely with the original answer's content and context."
RELEVANT,"The generated answer provides a detailed and accurate solution for installing `tflite_runtime` using an alternative method from GitHub, which directly addresses the original question. It includes relevant links, specific commands, and alternative installation methods, mirroring the information provided in the original answer."
RELEVANT,"The generated answer directly addresses the question about which version of Flask to use to avoid the specific error. It accurately recommends using Flask==2.1.3, which aligns with the solution provided in the original answer. The context and details regarding the issue with the version conflict between Flask and Werkzeug are consistent with the original answer."
RELEVANT,"The generated answer accurately captures the essence of the original answer, explaining that the ValueError occurs because a DecisionTreeClassifier is being used incorrectly instead of a DecisionTreeRegressor. It emphasizes the classification versus regression distinction and confirms the core issue raised in the original answer."
RELEVANT,"The generated answer closely matches the original answer in both context and content. It acknowledges the possibility of overfitting due to the accuracy being 1.0 and suggests dropping the msrp/price column as a solution, which is exactly what the original answer advises."
RELEVANT,"The generated answer accurately identifies the `evals_result` parameter as the key to retrieving training and validation metrics, which directly relates to the original answer. It also incorporates the detail about updating an empty dictionary for each tree, aligning closely with the information provided in the original context."
RELEVANT,"The generated answer accurately addresses the question by explaining why the CSR format is more memory efficient and beneficial for the fitting process. It captures the key points from the original answer, including the storage of non-zero values and indices, and the advantages over dense matrices, which aligns well with the context provided."
RELEVANT,"The generated answer directly addresses the question about which object to create for regression problems using random forests by correctly identifying the `sklearn.ensemble.RandomForestRegressor`. It maintains the context and key information provided in the original answer, thus being highly relevant."
RELEVANT,"The generated answer effectively addresses the original question by directly explaining the cause of the ValueError related to needing at least 2 classes in the classification data. It provides context on how the issue arises from the dataset being incorrectly set up, similar to the detail provided in the original answer about the churn column containing only '0's. The explanation aligns well with the content of the original answer, making it a relevant response."
RELEVANT,"The generated answer directly addresses the question regarding which AWS region to check for the environment by specifying 'eu-west-1 (Ireland)', which is exactly what the original answer states. Therefore, the generated answer is highly relevant and matches the content of the original answer."
RELEVANT,"The generated answer closely mirrors the content of the original answer, providing the code snippets for calculating the mean using the training dataset and emphasizing the importance of using only the training data, which aligns perfectly with the information provided in the original answer."
RELEVANT,"The generated answer directly identifies Hrithik Kumar Advani as the provider of the useful resource for missing data treatment, which aligns perfectly with the original answer."
RELEVANT,"The generated answer accurately explains the roles of both `r` and `alpha` as regularization parameters and highlights their differences in context and application, closely aligning with the information provided in the original answer."
RELEVANT,"The generated answer closely mirrors the original answer, providing detailed steps on how to use Google Colab for Deep Learning, which directly aligns with the intent of the original response."
RELEVANT,"The generated answer addresses the question about why linear regression does not provide a perfect fit. It discusses the nature of linear regression as a simple model and explains concepts like overfitting, the need to approximate relationships, and the challenges posed by variability and noise in the data. This closely aligns with the reasoning presented in the original answer, thus making it highly relevant."
RELEVANT,"The generated answer accurately addresses the question about solving the issue with failed dependency writing in pipfile/piplock by directly referencing the actions described in the original answer, namely creating a virtual environment and using the pip freeze command."
PARTLY_RELEVANT,"The generated answer lists some evaluation metrics available in scikit-learn and briefly describes how to compute them. However, it lacks the specific context of the advantages discussed in the original answer, such as the time-saving aspect and precision benefits of using scikit-learn compared to manual calculations. It also does not include the code snippets present in the original answer which demonstrate the computation of these metrics."
RELEVANT,"The generated answer accurately addresses the question about handling the target variable in the context of prices with a wide range, specifically mentioning the use of the np.log1p() method for long tail distributions and the caution regarding negative values. It closely aligns with the original answer's content and intent."
RELEVANT,"The generated answer provides a comprehensive and accurate response to the question about installing Kind through Go if issues arise with Windows Powershell. It closely follows the steps outlined in the original answer, ensuring consistency in both content and context."
NON_RELEVANT,"The generated answer does not address the content of the original answer related to the installation and usage of wget for downloading data. Instead, it states that the answer to a different question (question4) is not available, which is unrelated to the original instructions for using wget."
RELEVANT,"The generated answer accurately addresses the considerations for transforming the target variable to logarithm distribution as stated in the original answer. It mentions the conditions under which transformation is needed, specifically focusing on high skewness, and suggests evaluating the distribution of the target variable, which aligns well with the original answer's guidance."
RELEVANT,"The generated answer directly addresses the pip install error encountered while building a Docker image, providing the correct alternative link and solutions outlined in the original answer. It includes the necessary commands for both building and running the Docker image, reflecting the same information and context as the original response."
RELEVANT,"The generated answer directly addresses the question of whether reviewing peer projects is necessary to earn a certificate and accurately reflects the conditions outlined in the original answer, including the need to review 3 peer projects and complete at least 2 out of 3 projects by the deadline."
NON_RELEVANT,"The generated answer discusses what to do if a session is missed and provides information about recorded sessions and question submissions, which is completely unrelated to the original answer about multiclass classification and stratified k-fold splitting in data sets."
RELEVANT,"The generated answer addresses the issue of server rejection of JSON input for predict-test requests, explaining that it must be in the correct shape. It correctly identifies the need for input formatting that the model can understand and suggests converting the input into numpy arrays, which aligns with the original answer's content."
RELEVANT,"The generated answer accurately reflects the original answer's main points about the naming of the dockerfile, specifically that it should not have an extension, and it addresses the consequences of naming it incorrectly. It also maintains the context and essential information presented in the original answer."
RELEVANT,"The generated answer addresses the original question directly and provides specific solutions for managing GPU memory issues when using TensorFlow. It includes the original code snippet as well as an additional solution for Nvidia GPUs. Both solutions align closely with the guidance given in the original answer, ensuring that the response is pertinent and useful for someone experiencing out-of-memory errors."
NON_RELEVANT,The generated answer does not address the original answer at all and instead requests more details without any reference to the installation or usage of 'wget'. It fails to provide any relevant information in response to the original content.
RELEVANT,"The generated answer accurately addresses the main points of the original answer, affirming the possibility of installing PyTorch while setting up TensorFlow and specifying the working version of CUDA (11.7). It reflects an understanding of the content and maintains consistency with the original intent."
RELEVANT,"The generated answer accurately addresses the question about being unable to install `tflite_runtime` in a pipenv environment with Python 3.10. It correctly identifies the compatibility issue with Python 3.10 and provides a clear solution by suggesting the installation of Python 3.9, which aligns with the original answer's content and intent."
RELEVANT,"The generated answer directly addresses the generated question by specifying that the detailed documentation on curl can be found at the Curl Documentation link mentioned in the original answer, making it highly relevant and aligned with the original content."
PARTLY_RELEVANT,"The generated answer addresses the question about whether students can add additional information to the problem, but it does not fully capture the essence of the original answer, which specifies problem and solution descriptions. It shows some relevance as it implies restrictions based on the original context, but it lacks a direct connection to the original content's focus."
RELEVANT,"The generated answer accurately addresses the question by providing the necessary code to combine two dataframes using the `pandas.concat` function, which aligns with the original answer. It also appropriately includes the code snippet and supplementary information for combining numpy arrays, maintaining the comprehensive nature of the original response."
RELEVANT,"The generated answer directly addresses the question about the evaluation matrix by providing a clear and accurate link to the evaluation matrix mentioned in the original answer. It succinctly confirms the existence of the resource and includes the appropriate link, making it highly relevant."
RELEVANT,"The generated answer directly addresses the question about enabling additional distros for WSL integration in Docker Desktop settings, mirroring the relevant steps outlined in the original answer."
RELEVANT,"The generated answer accurately contains the necessary content of the docker-compose.yaml file required to use the bitnami/tensorflow-serving image, which is directly aligned with the original answer's solution. It provides the correct structure and configuration, including the services, image, volumes, ports, and environment variables, making it highly relevant to the question asked."
PARTLY_RELEVANT,"The generated answer addresses the theme of questions related to the course, which is relevant to the original answer's context of user inquiries. However, it does not directly respond to the specific statement about upcoming learning opportunities mentioned in the original answer. Therefore, it maintains some relevance but does not fully align with the original intent."
RELEVANT,"The generated answer directly addresses the potential error related to using DictVectorizer without setting sparse=True, which is the main point of the original answer. It captures the essence of the warning about convergence errors, making it highly relevant."
RELEVANT,"The generated answer directly addresses the question about a common mistake in Decision Trees that leads to data leakage, specifically highlighting the issue of filling in missing values using the entire dataset before splitting. This is consistent with the original answer, which discusses the same mistake in the context of data leakage."
RELEVANT,"The generated answer addresses the question about the impact of class imbalance on the F-score directly and includes key points from the original answer, including the dependence of the F-score on the ratio of positive to negative test cases and the problematic nature of comparisons across different class ratios. It also suggests a solution to the issue, aligning closely with the original content."
PARTLY_RELEVANT,"The generated answer addresses a specific error related to Lambda API Gateway, which is mentioned in the original answer. However, while it explains the meaning of the 'Missing Authentication Token' error, it does not reference the broader context provided in the original answer about using Docker in Google Colab or offer a solution for the error, making it only partially relevant."
NON_RELEVANT,"The generated answer does not address the specific error solution related to using 'winpty' with Docker on Windows as provided in the original answer. Instead, it speaks generally about restarting Docker services, which is not relevant to the specific error message about the TTY. Therefore, it does not meet the relevance criteria."
PARTLY_RELEVANT,"The generated answer addresses the concern about not being able to submit homework, which is related to the original answer. However, it does not mention the critical details about course project submission requirements for obtaining a certificate, which are central to the original answer. Thus, while there is some relevance, it is not comprehensive."
